Vuelo,Compañía,Estado,Retraso,Fecha,Hora Programada,Origen
A31762,AEGEAN AIRLINES,10:10,0.0,13/04/11,10:10,LISBOA
A31762,AEGEAN AIRLINES,10:20,10.0,12/04/11,10:10,LISBOA
A3680,AEGEAN AIRLINES,10:42,-18.0,12/04/11,11:00,ATENAS
A3680,AEGEAN AIRLINES,11:00,0.0,13/04/11,11:00,ATENAS
AA152,AMERICAN AIRLINES,10:25,0.0,13/04/11,10:25,NUEVA YORK-J.F.KENNEDY
AA152,AMERICAN AIRLINES,11:11,46.0,12/04/11,10:25,NUEVA YORK-J.F.KENNEDY
AA5647,AMERICAN AIRLINES,11:00,0.0,13/04/11,11:00,MADRID-BARAJAS
AA5647,AMERICAN AIRLINES,11:18,18.0,12/04/11,11:00,MADRID-BARAJAS
AA5688,AMERICAN AIRLINES,12:55,0.0,12/04/11,12:55,MADRID-BARAJAS
AA5688,AMERICAN AIRLINES,12:55,0.0,13/04/11,12:55,MADRID-BARAJAS
AA5689,AMERICAN AIRLINES,11:55,0.0,13/04/11,11:55,MADRID-BARAJAS
AA5689,AMERICAN AIRLINES,12:20,25.0,12/04/11,11:55,MADRID-BARAJAS
AA6287,AMERICAN AIRLINES,14:10,-10.0,12/04/11,14:20,LONDRES / HEATHROW
AA6290,AMERICAN AIRLINES,10:15,0.0,13/04/11,10:15,LONDRES / HEATHROW
AA6292,AMERICAN AIRLINES,18:30,0.0,12/04/11,18:30,LONDRES / HEATHROW
AA6294,AMERICAN AIRLINES,21:25,0.0,12/04/11,21:25,LONDRES / HEATHROW
AA6295,AMERICAN AIRLINES,12:25,0.0,13/04/11,12:25,LONDRES / HEATHROW
AA6295,AMERICAN AIRLINES,13:05,40.0,12/04/11,12:25,LONDRES / HEATHROW
AA6297,AMERICAN AIRLINES,19:50,0.0,12/04/11,19:50,LONDRES / HEATHROW
AA6748,AMERICAN AIRLINES,9:25,,13/04/11,9:25,LONDRES / HEATHROW
AA8092,AMERICAN AIRLINES,9:10,,13/04/11,9:10,VIENA
AF1148,AIR FRANCE,9:20,,13/04/11,9:20,PARIS /CHARLES DE GAULLE
AF1230,AIR FRANCE,13:50,5.0,12/04/11,13:45,PARIS /ORLY
AF1330,AIR FRANCE,18:35,0.0,12/04/11,18:35,PARIS /ORLY
AF1348,AIR FRANCE,11:15,0.0,13/04/11,11:15,PARIS /CHARLES DE GAULLE
AF1348,AIR FRANCE,11:06,-9.0,12/04/11,11:15,PARIS /CHARLES DE GAULLE
AF1648,AIR FRANCE,14:35,0.0,12/04/11,14:35,PARIS /CHARLES DE GAULLE
AF1948,AIR FRANCE,17:25,0.0,12/04/11,17:25,PARIS /CHARLES DE GAULLE
AF2048,AIR FRANCE,19:30,0.0,12/04/11,19:30,PARIS /CHARLES DE GAULLE
AF2148,AIR FRANCE,20:45,0.0,12/04/11,20:45,PARIS /CHARLES DE GAULLE
AF2348,AIR FRANCE,22:00,0.0,12/04/11,22:00,PARIS /CHARLES DE GAULLE
AF3202,AIR FRANCE,10:15,0.0,13/04/11,10:15,BURDEOS
AF3206,AIR FRANCE,16:30,0.0,12/04/11,16:30,NANTES-ATLANTIQUE
AF4563,AIR FRANCE,13:35,0.0,12/04/11,13:35,IBIZA
AF4851,AIR FRANCE,7:50,,13/04/11,7:50,PALMA DE MALLORCA
AF4853,AIR FRANCE,10:55,0.0,13/04/11,10:55,PALMA DE MALLORCA
AF4853,AIR FRANCE,10:50,-5.0,12/04/11,10:55,PALMA DE MALLORCA
AF4857,AIR FRANCE,13:55,0.0,12/04/11,13:55,PALMA DE MALLORCA
AF4859,AIR FRANCE,16:55,0.0,12/04/11,16:55,PALMA DE MALLORCA
AF4861,AIR FRANCE,10:20,0.0,13/04/11,10:20,MENORCA
AF4877,AIR FRANCE,11:25,0.0,13/04/11,11:25,GRAN CANARIA
AF4877,AIR FRANCE,11:23,-2.0,12/04/11,11:25,GRAN CANARIA
AF4881,AIR FRANCE,22:05,0.0,12/04/11,22:05,IBIZA
AF5894,AIR FRANCE,21:25,0.0,12/04/11,21:25,LYON
AF5898,AIR FRANCE,16:55,0.0,12/04/11,16:55,LYON
AFL1492,AEROFLOT,11:25,0.0,13/04/11,11:25,GRAN CANARIA
AFL1492,AEROFLOT,11:23,-2.0,12/04/11,11:25,GRAN CANARIA
AFL1545,AEROFLOT,10:20,0.0,13/04/11,10:20,MENORCA
AFL1547,AEROFLOT,10:55,0.0,13/04/11,10:55,PALMA DE MALLORCA
AFL1547,AEROFLOT,10:50,-5.0,12/04/11,10:55,PALMA DE MALLORCA
AFL1580,AEROFLOT,15:00,0.0,12/04/11,15:00,MADRID-BARAJAS
AFL1653,AEROFLOT,15:15,0.0,12/04/11,15:15,LANZAROTE
AFL1668,AEROFLOT,23:15,0.0,12/04/11,23:15,TENERIFE NORTE
AFL1675,AEROFLOT,22:05,0.0,12/04/11,22:05,IBIZA
AFL1693,AEROFLOT,21:10,0.0,12/04/11,21:10,BARCELONA
AFL287,AEROFLOT,12:35,0.0,13/04/11,12:35,MOSCU /SHEREMETYEVO
AFL287,AEROFLOT,12:25,-10.0,12/04/11,12:35,MOSCU /SHEREMETYEVO
AM6010,AEROMEXICO (AEROVIAS DE MEJICO),11:15,0.0,13/04/11,11:15,PARIS /CHARLES DE GAULLE
AM6010,AEROMEXICO (AEROVIAS DE MEJICO),11:06,-9.0,12/04/11,11:15,PARIS /CHARLES DE GAULLE
AM6011,AEROMEXICO (AEROVIAS DE MEJICO),14:35,0.0,12/04/11,14:35,PARIS /CHARLES DE GAULLE
AM6012,AEROMEXICO (AEROVIAS DE MEJICO),17:25,0.0,12/04/11,17:25,PARIS /CHARLES DE GAULLE
AM6806,AEROMEXICO (AEROVIAS DE MEJICO),8:20,,13/04/11,8:20,MADRID-BARAJAS
AM6807,AEROMEXICO (AEROVIAS DE MEJICO),19:55,0.0,12/04/11,19:55,MADRID-BARAJAS
AM6808,AEROMEXICO (AEROVIAS DE MEJICO),15:55,0.0,12/04/11,15:55,MADRID-BARAJAS
AM6824,AEROMEXICO (AEROVIAS DE MEJICO),15:15,0.0,12/04/11,15:15,LANZAROTE
AM6826,AEROMEXICO (AEROVIAS DE MEJICO),23:15,0.0,12/04/11,23:15,TENERIFE NORTE
AM6829,AEROMEXICO (AEROVIAS DE MEJICO),15:00,0.0,12/04/11,15:00,MADRID-BARAJAS
AM6952,AEROMEXICO (AEROVIAS DE MEJICO),21:10,0.0,12/04/11,21:10,PALMA DE MALLORCA
AM6953,AEROMEXICO (AEROVIAS DE MEJICO),16:55,0.0,12/04/11,16:55,PALMA DE MALLORCA
AM6954,AEROMEXICO (AEROVIAS DE MEJICO),18:25,0.0,12/04/11,18:25,MENORCA
AUA395,AUSTRIAN AIRLINES,22:40,0.0,12/04/11,22:40,VIENA
AUA397,AUSTRIAN AIRLINES,12:35,-15.0,12/04/11,12:50,VIENA
AUA397,AUSTRIAN AIRLINES,12:50,0.0,13/04/11,12:50,VIENA
AUA7465,AUSTRIAN AIRLINES,17:20,0.0,12/04/11,17:20,MUNICH
AUA7467,AUSTRIAN AIRLINES,21:20,0.0,12/04/11,21:20,MUNICH
AUA8144,AUSTRIAN AIRLINES,11:55,0.0,13/04/11,11:55,LISBOA
AUA8144,AUSTRIAN AIRLINES,12:50,55.0,12/04/11,11:55,LISBOA
AUA8842,AUSTRIAN AIRLINES,10:36,-9.0,12/04/11,10:45,SEVILLA
AUA8850,AUSTRIAN AIRLINES,23:20,0.0,12/04/11,23:20,ASTURIAS
AUA8852,AUSTRIAN AIRLINES,17:15,0.0,12/04/11,17:15,MADRID-BARAJAS
AUA8858,AUSTRIAN AIRLINES,11:05,0.0,13/04/11,11:05,VIGO
AUA8858,AUSTRIAN AIRLINES,10:55,-10.0,12/04/11,11:05,VIGO
AVA018,AVIANCA,14:30,-20.0,12/04/11,14:50,BOGOTA /EL DORADO
AVA2456,AVIANCA,9:15,,13/04/11,9:15,NEWARK - N. JERSEY
AVA6078,AVIANCA,17:25,0.0,12/04/11,17:25,MADRID-BARAJAS
AVA6242,AVIANCA,16:55,0.0,12/04/11,16:55,MADRID-BARAJAS
AVA6243,AVIANCA,14:55,0.0,12/04/11,14:55,MADRID-BARAJAS
AZ074,ALITALIA COMPAGNIA AEREA ITALIANA SPA,10:55,0.0,13/04/11,10:55,ROMA /FIUMICINO
AZ074,ALITALIA COMPAGNIA AEREA ITALIANA SPA,10:46,-9.0,12/04/11,10:55,ROMA /FIUMICINO
AZ076,ALITALIA COMPAGNIA AEREA ITALIANA SPA,17:55,0.0,12/04/11,17:55,ROMA /FIUMICINO
AZ078,ALITALIA COMPAGNIA AEREA ITALIANA SPA,23:20,0.0,12/04/11,23:20,ROMA /FIUMICINO
AZ080,ALITALIA COMPAGNIA AEREA ITALIANA SPA,19:10,0.0,12/04/11,19:10,MILAN /LINATE
AZ2401,ALITALIA COMPAGNIA AEREA ITALIANA SPA,13:35,0.0,12/04/11,13:35,IBIZA
AZ2403,ALITALIA COMPAGNIA AEREA ITALIANA SPA,11:25,0.0,13/04/11,11:25,GRAN CANARIA
AZ2403,ALITALIA COMPAGNIA AEREA ITALIANA SPA,11:23,-2.0,12/04/11,11:25,GRAN CANARIA
AZ2407,ALITALIA COMPAGNIA AEREA ITALIANA SPA,7:50,,13/04/11,7:50,PALMA DE MALLORCA
AZ2409,ALITALIA COMPAGNIA AEREA ITALIANA SPA,10:55,0.0,13/04/11,10:55,PALMA DE MALLORCA
AZ2409,ALITALIA COMPAGNIA AEREA ITALIANA SPA,10:50,-5.0,12/04/11,10:55,PALMA DE MALLORCA
AZ2413,ALITALIA COMPAGNIA AEREA ITALIANA SPA,13:55,0.0,12/04/11,13:55,PALMA DE MALLORCA
AZ2415,ALITALIA COMPAGNIA AEREA ITALIANA SPA,16:55,0.0,12/04/11,16:55,PALMA DE MALLORCA
AZ2733,ALITALIA COMPAGNIA AEREA ITALIANA SPA,15:15,0.0,12/04/11,15:15,LANZAROTE
AZ2785,ALITALIA COMPAGNIA AEREA ITALIANA SPA,23:15,0.0,12/04/11,23:15,TENERIFE NORTE
AZ7098,ALITALIA COMPAGNIA AEREA ITALIANA SPA,13:30,0.0,12/04/11,13:30,MILAN /LINATE
AZ7894,ALITALIA COMPAGNIA AEREA ITALIANA SPA,10:15,-5.0,12/04/11,10:20,MILAN /LINATE
BAW0472,BRITISH AIRWAYS,9:25,,13/04/11,9:25,LONDRES / HEATHROW
BAW0478,BRITISH AIRWAYS,10:15,0.0,13/04/11,10:15,LONDRES / HEATHROW
BAW0480,BRITISH AIRWAYS,18:30,0.0,12/04/11,18:30,LONDRES / HEATHROW
BAW0482,BRITISH AIRWAYS,21:25,0.0,12/04/11,21:25,LONDRES / HEATHROW
BAW0484,BRITISH AIRWAYS,12:25,0.0,13/04/11,12:25,LONDRES / HEATHROW
BAW0484,BRITISH AIRWAYS,13:05,40.0,12/04/11,12:25,LONDRES / HEATHROW
BAW0486,BRITISH AIRWAYS,19:50,0.0,12/04/11,19:50,LONDRES / HEATHROW
BAW1577,BRITISH AIRWAYS,10:25,0.0,13/04/11,10:25,NUEVA YORK-J.F.KENNEDY
BAW1577,BRITISH AIRWAYS,11:11,46.0,12/04/11,10:25,NUEVA YORK-J.F.KENNEDY
BAW470,BRITISH AIRWAYS,19:20,0.0,12/04/11,19:20,LONDRES / HEATHROW
BAW8471,BRITISH AIRWAYS,12:20,0.0,13/04/11,12:20,LONDRES /LONDON CITY APT.
BER7524,AIR BERLIN INC.,19:20,0.0,12/04/11,19:20,PALMA DE MALLORCA
BER7526,AIR BERLIN INC.,15:50,0.0,12/04/11,15:50,PALMA DE MALLORCA
BER8166,AIR BERLIN INC.,12:35,0.0,13/04/11,12:35,HAMBURGO
BER8564,AIR BERLIN INC.,19:35,0.0,12/04/11,19:35,DUSSELDORF
BER8792,AIR BERLIN INC.,11:20,0.0,13/04/11,11:20,BERLIN /TEGEL
BER8792,AIR BERLIN INC.,11:14,-6.0,12/04/11,11:20,BERLIN /TEGEL
BLF5731,"BLUE1 OY, FINLAND",14:40,0.0,12/04/11,14:40,BRUSELAS
BMA5303,BRITISH MIDLAND AIRWAYS,14:40,0.0,12/04/11,14:40,BRUSELAS
BMA5305,BRITISH MIDLAND AIRWAYS,20:25,0.0,12/04/11,20:25,BRUSELAS
BMA5513,BRITISH MIDLAND AIRWAYS,8:30,,13/04/11,8:30,BRUSELAS
BTI681,AIR BALTIC CORPORATION,12:45,-20.0,12/04/11,13:05,RIGA
CIM3013,CIMBER AIR,15:30,0.0,12/04/11,15:30,COPENHAGUE
COA5078,CONTINENTAL AIRLINES INC.,11:45,0.0,13/04/11,11:45,FRANKFURT
COA5078,CONTINENTAL AIRLINES INC.,11:56,11.0,12/04/11,11:45,FRANKFURT
COA5089,CONTINENTAL AIRLINES INC.,15:15,0.0,12/04/11,15:15,FRANKFURT
COA9715,CONTINENTAL AIRLINES INC.,19:40,0.0,12/04/11,19:40,ALICANTE
COA9739,CONTINENTAL AIRLINES INC.,9:20,,13/04/11,9:20,PALMA DE MALLORCA
COA9745,CONTINENTAL AIRLINES INC.,7:55,,13/04/11,7:55,VALENCIA
CTN374,CROATIA AIRLINES,17:15,0.0,12/04/11,17:15,ZAGREB
DAH2012,AIR ALGERIE,12:45,25.0,12/04/11,12:20,ARGEL/ HOUARI BOUMEDIEN
DL094,DELTA AIR LINES,7:55,,13/04/11,7:55,NUEVA YORK-J.F.KENNEDY
DL114,DELTA AIR LINES,8:55,,13/04/11,8:55,ATLANTA
DL8330,DELTA AIR LINES,17:25,0.0,12/04/11,17:25,PARIS /CHARLES DE GAULLE
DL8392,DELTA AIR LINES,11:06,-9.0,12/04/11,11:15,PARIS /CHARLES DE GAULLE
DL8699,DELTA AIR LINES,9:20,,13/04/11,9:20,PARIS /CHARLES DE GAULLE
DL8704,DELTA AIR LINES,14:35,0.0,12/04/11,14:35,PARIS /CHARLES DE GAULLE
DL9601,DELTA AIR LINES,10:05,0.0,13/04/11,10:05,AMSTERDAM/SCHIPHOL
DL9602,DELTA AIR LINES,11:53,-22.0,12/04/11,12:15,AMSTERDAM/SCHIPHOL
DL9603,DELTA AIR LINES,15:05,0.0,12/04/11,15:05,AMSTERDAM/SCHIPHOL
DL9604,DELTA AIR LINES,17:05,0.0,12/04/11,17:05,AMSTERDAM/SCHIPHOL
EIN562,AER LINGUS,10:10,0.0,13/04/11,10:10,DUBLIN
EIN564,AER LINGUS,21:55,0.0,12/04/11,21:55,DUBLIN
ETD7273,ETIHAD AIRWAYS,14:40,0.0,12/04/11,14:40,BRUSELAS
ETD7275,ETIHAD AIRWAYS,20:25,0.0,12/04/11,20:25,BRUSELAS
EZS1077,"EASYJET SWITZERLAND, S.A.",20:10,0.0,12/04/11,20:10,BASEL /MULHOUSE
EZS1401,"EASYJET SWITZERLAND, S.A.",11:25,0.0,13/04/11,11:25,GINEBRA
EZS1401,"EASYJET SWITZERLAND, S.A.",11:10,-15.0,12/04/11,11:25,GINEBRA
EZS1403,"EASYJET SWITZERLAND, S.A.",16:25,0.0,12/04/11,16:25,GINEBRA
EZS1405,"EASYJET SWITZERLAND, S.A.",20:15,0.0,12/04/11,20:15,GINEBRA
EZS4525,"EASYJET SWITZERLAND, S.A.",11:30,0.0,13/04/11,11:30,BERLIN /SCHONEFELD
EZS4525,"EASYJET SWITZERLAND, S.A.",11:22,-8.0,12/04/11,11:30,BERLIN /SCHONEFELD
EZY1073,EASYJET AIRLINE CO. LTD.,10:10,0.0,13/04/11,10:10,BASEL /MULHOUSE
EZY2197,EASYJET AIRLINE CO. LTD.,21:15,0.0,12/04/11,21:15,AMSTERDAM/SCHIPHOL
EZY2265,EASYJET AIRLINE CO. LTD.,17:00,0.0,12/04/11,17:00,LONDRES /LUTON
EZY2759,EASYJET AIRLINE CO. LTD.,8:10,,13/04/11,8:10,MILAN /MALPENSA
EZY2761,EASYJET AIRLINE CO. LTD.,13:10,10.0,12/04/11,13:00,MILAN /MALPENSA
EZY2765,EASYJET AIRLINE CO. LTD.,18:10,0.0,12/04/11,18:10,MILAN /MALPENSA
EZY2767,EASYJET AIRLINE CO. LTD.,19:35,0.0,12/04/11,19:35,MILAN /MALPENSA
EZY3031,EASYJET AIRLINE CO. LTD.,12:40,-35.0,12/04/11,13:15,LONDRES /STANSTED
EZY3033,EASYJET AIRLINE CO. LTD.,21:20,0.0,12/04/11,21:20,LONDRES /STANSTED
EZY3915,EASYJET AIRLINE CO. LTD.,9:25,,13/04/11,9:25,PARIS /CHARLES DE GAULLE
EZY3915,EASYJET AIRLINE CO. LTD.,13:00,,12/04/11,9:25,PARIS /CHARLES DE GAULLE
EZY3917,EASYJET AIRLINE CO. LTD.,12:55,0.0,13/04/11,12:55,PARIS /CHARLES DE GAULLE
EZY3917,EASYJET AIRLINE CO. LTD.,12:35,-20.0,12/04/11,12:55,PARIS /CHARLES DE GAULLE
EZY3919,EASYJET AIRLINE CO. LTD.,16:05,0.0,12/04/11,16:05,PARIS /CHARLES DE GAULLE
EZY3921,EASYJET AIRLINE CO. LTD.,20:10,0.0,12/04/11,20:10,PARIS /CHARLES DE GAULLE
EZY4415,EASYJET AIRLINE CO. LTD.,11:00,-5.0,12/04/11,11:05,LYON
EZY4415,EASYJET AIRLINE CO. LTD.,11:05,0.0,13/04/11,11:05,LYON
EZY4529,EASYJET AIRLINE CO. LTD.,20:55,0.0,12/04/11,20:55,BERLIN /SCHONEFELD
EZY6025,EASYJET AIRLINE CO. LTD.,13:50,0.0,12/04/11,13:50,BRISTOL
EZY6401,EASYJET AIRLINE CO. LTD.,13:00,0.0,13/04/11,13:00,NEWCASTLE
EZY7203,EASYJET AIRLINE CO. LTD.,10:20,0.0,13/04/11,10:20,LIVERPOOL
EZY7207,EASYJET AIRLINE CO. LTD.,20:45,0.0,12/04/11,20:45,LIVERPOOL
EZY7995,EASYJET AIRLINE CO. LTD.,21:20,0.0,12/04/11,21:20,LISBOA
EZY8571,EASYJET AIRLINE CO. LTD.,10:00,0.0,13/04/11,10:00,LONDRES /GATWICK
EZY8573,EASYJET AIRLINE CO. LTD.,14:15,0.0,12/04/11,14:15,LONDRES /GATWICK
EZY8577,EASYJET AIRLINE CO. LTD.,18:50,0.0,12/04/11,18:50,LONDRES /GATWICK
EZY8579,EASYJET AIRLINE CO. LTD.,21:00,0.0,12/04/11,21:00,LONDRES /GATWICK
EZY8581,EASYJET AIRLINE CO. LTD.,23:10,0.0,12/04/11,23:10,LONDRES /GATWICK
FIN3505,FINNAIR,20:20,0.0,12/04/11,20:20,HELSINKI
GWI2520,GERMANWINGS GMBH,18:55,0.0,12/04/11,18:55,STUTTGART
GWI526,GERMANWINGS GMBH,19:30,0.0,12/04/11,19:30,COLONIA/BONN
HG8010,NL LUFTFAHRT GMBH,9:10,,13/04/11,9:10,VIENA
HV5133,TRANSAVIA.AIRLINES CV,20:45,0.0,12/04/11,20:45,AMSTERDAM/SCHIPHOL
HV6061,TRANSAVIA.AIRLINES CV,12:30,-15.0,12/04/11,12:45,ROTTERDAM
IBE0650,IBERIA,8:00,,13/04/11,8:00,MADRID-BARAJAS
IBE0720,IBERIA,8:30,,13/04/11,8:30,MADRID-BARAJAS
IBE0740,IBERIA,8:50,,13/04/11,8:50,MADRID-BARAJAS
IBE0800,IBERIA,9:10,,13/04/11,9:10,MADRID-BARAJAS
IBE0830,IBERIA,9:40,,13/04/11,9:40,MADRID-BARAJAS
IBE0910,IBERIA,10:20,0.0,13/04/11,10:20,MADRID-BARAJAS
IBE0910,IBERIA,10:39,19.0,12/04/11,10:20,MADRID-BARAJAS
IBE0950,IBERIA,11:00,0.0,13/04/11,11:00,MADRID-BARAJAS
IBE0950,IBERIA,11:18,18.0,12/04/11,11:00,MADRID-BARAJAS
IBE1046,IBERIA,11:55,0.0,13/04/11,11:55,MADRID-BARAJAS
IBE1046,IBERIA,12:20,25.0,12/04/11,11:55,MADRID-BARAJAS
IBE1146,IBERIA,12:55,0.0,12/04/11,12:55,MADRID-BARAJAS
IBE1246,IBERIA,13:55,0.0,12/04/11,13:55,MADRID-BARAJAS
IBE1346,IBERIA,14:55,0.0,12/04/11,14:55,MADRID-BARAJAS
IBE1446,IBERIA,15:55,0.0,12/04/11,15:55,MADRID-BARAJAS
IBE1546,IBERIA,16:55,0.0,12/04/11,16:55,MADRID-BARAJAS
IBE1616,IBERIA,17:25,0.0,12/04/11,17:25,MADRID-BARAJAS
IBE1646,IBERIA,17:55,0.0,12/04/11,17:55,MADRID-BARAJAS
IBE1746,IBERIA,18:55,0.0,12/04/11,18:55,MADRID-BARAJAS
IBE1816,IBERIA,19:25,0.0,12/04/11,19:25,MADRID-BARAJAS
IBE1846,IBERIA,19:55,0.0,12/04/11,19:55,MADRID-BARAJAS
IBE1916,IBERIA,20:25,0.0,12/04/11,20:25,MADRID-BARAJAS
IBE1946,IBERIA,20:55,0.0,12/04/11,20:55,MADRID-BARAJAS
IBE2016,IBERIA,21:25,0.0,12/04/11,21:25,MADRID-BARAJAS
IBE2116,IBERIA,22:25,0.0,12/04/11,22:25,MADRID-BARAJAS
IBE2230,IBERIA,23:40,0.0,12/04/11,23:40,MADRID-BARAJAS
IBE2714,IBERIA,14:55,0.0,12/04/11,14:55,MADRID-BARAJAS
IBE2738,IBERIA,19:55,0.0,12/04/11,19:55,MADRID-BARAJAS
IBE2742,IBERIA,20:25,0.0,12/04/11,20:25,MADRID-BARAJAS
IBE2752,IBERIA,15:55,0.0,12/04/11,15:55,MADRID-BARAJAS
IBE2764,IBERIA,20:55,0.0,12/04/11,20:55,MADRID-BARAJAS
IBE2766,IBERIA,21:25,0.0,12/04/11,21:25,MADRID-BARAJAS
IBE2790,IBERIA,22:25,0.0,12/04/11,22:25,MADRID-BARAJAS
IBE5136,IBERIA,21:40,0.0,12/04/11,21:40,IBIZA
IBE5601,IBERIA,16:35,0.0,12/04/11,16:35,A CORUÑA
IBE5603,IBERIA,9:45,,13/04/11,9:45,ALICANTE
IBE5605,IBERIA,22:00,0.0,12/04/11,22:00,ALICANTE
IBE5607,IBERIA,10:05,0.0,13/04/11,10:05,BILBAO
IBE5609,IBERIA,17:05,0.0,12/04/11,17:05,BILBAO
IBE5611,IBERIA,20:05,0.0,12/04/11,20:05,BILBAO
IBE5617,IBERIA,10:05,0.0,13/04/11,10:05,ASTURIAS
IBE5619,IBERIA,21:00,0.0,12/04/11,21:00,ASTURIAS
IBE5623,IBERIA,0:05,,13/04/11,0:05,SANTIAGO DE COMPOSTELA
IBE5627,IBERIA,11:05,20.0,12/04/11,10:45,FEDERICO GARCÍA LORCA GRANADA-JAÉN
IBE5629,IBERIA,23:15,0.0,12/04/11,23:15,FEDERICO GARCÍA LORCA GRANADA-JAÉN
IBE5630,IBERIA,8:30,,13/04/11,8:30,MALAGA
IBE5632,IBERIA,18:55,0.0,12/04/11,18:55,MALAGA
IBE5638,IBERIA,22:15,0.0,12/04/11,22:15,MALAGA
IBE5640,IBERIA,15:15,0.0,12/04/11,15:15,VIGO
IBE5643,IBERIA,8:30,,13/04/11,8:30,SEVILLA
IBE5645,IBERIA,20:10,0.0,12/04/11,20:10,SEVILLA
IBE5650,IBERIA,18:05,0.0,12/04/11,18:05,SEVILLA
IBE5651,IBERIA,15:30,0.0,12/04/11,15:30,SEVILLA
IBE5657,IBERIA,23:15,0.0,12/04/11,23:15,AMSTERDAM/SCHIPHOL
IBE5659,IBERIA,14:10,0.0,12/04/11,14:10,JEREZ DE LA FRONTERA
IBE5663,IBERIA,14:00,0.0,12/04/11,14:00,ROMA /FIUMICINO
IBE5671,IBERIA,18:50,0.0,12/04/11,18:50,GRAN CANARIA
IBE5689,IBERIA,9:00,,13/04/11,9:00,MENORCA
IBE5698,IBERIA,22:35,0.0,12/04/11,22:35,PALMA DE MALLORCA
IBE5699,IBERIA,12:55,0.0,13/04/11,12:55,PALMA DE MALLORCA
IBE5699,IBERIA,12:40,-15.0,12/04/11,12:55,PALMA DE MALLORCA
IBE5700,IBERIA,19:00,0.0,12/04/11,19:00,PALMA DE MALLORCA
IBE5702,IBERIA,21:35,0.0,12/04/11,21:35,PALMA DE MALLORCA
IBE5709,IBERIA,18:05,0.0,12/04/11,18:05,ROMA /FIUMICINO
IBE5711,IBERIA,20:35,0.0,12/04/11,20:35,ROMA /FIUMICINO
IBE5725,IBERIA,11:01,-4.0,12/04/11,11:05,MILAN /MALPENSA
IBE5727,IBERIA,15:30,0.0,12/04/11,15:30,MILAN /MALPENSA
IBE5729,IBERIA,22:10,0.0,12/04/11,22:10,MILAN /MALPENSA
IBE5731,IBERIA,13:35,-15.0,12/04/11,13:50,VENECIA /MARCO POLO
IBE5735,IBERIA,15:00,0.0,12/04/11,15:00,NAPOLES
IBE5737,IBERIA,14:15,5.0,12/04/11,14:10,PALERMO /PUNTA RAISI
IBE5739,IBERIA,14:10,0.0,12/04/11,14:10,PISA / GALILEO GALILEI
IBE5757,IBERIA,16:45,0.0,12/04/11,16:45,PARIS /ORLY
IBE5763,IBERIA,18:40,0.0,12/04/11,18:40,PARIS /ORLY
IBE5765,IBERIA,20:00,0.0,12/04/11,20:00,ALICANTE
IBE5767,IBERIA,17:45,0.0,12/04/11,17:45,ATENAS
IBE5771,IBERIA,20:00,0.0,12/04/11,20:00,AMSTERDAM/SCHIPHOL
IBE5773,IBERIA,11:50,0.0,13/04/11,11:50,AMSTERDAM/SCHIPHOL
IBE5773,IBERIA,11:28,-22.0,12/04/11,11:50,AMSTERDAM/SCHIPHOL
IBE5774,IBERIA,19:40,0.0,12/04/11,19:40,ZURICH
IBE5778,IBERIA,0:35,,13/04/11,0:35,LISBOA
IBE5786,IBERIA,8:30,,13/04/11,8:30,MOSCU /DOMODEDOVO
IBE5792,IBERIA,11:20,0.0,13/04/11,11:20,BRUSELAS
IBE5792,IBERIA,11:13,-7.0,12/04/11,11:20,BRUSELAS
IBE5794,IBERIA,22:35,0.0,12/04/11,22:35,BRUSELAS
IBE5812,IBERIA,17:40,0.0,12/04/11,17:40,BRUSELAS
IBE5820,IBERIA,11:15,0.0,12/04/11,11:15,ROMA /FIUMICINO
IBE5855,IBERIA,14:35,0.0,12/04/11,14:35,PARIS /ORLY
IBE5861,IBERIA,9:25,,13/04/11,9:25,AMSTERDAM/SCHIPHOL
IBE5869,IBERIA,23:50,0.0,12/04/11,23:50,CIUDAD REAL
IBE5900,IBERIA,10:55,0.0,13/04/11,10:55,MALAGA
IBE5900,IBERIA,10:56,1.0,12/04/11,10:55,MALAGA
IBE5915,IBERIA,Cancelado,,12/04/11,16:15,DUBROVNIK
IBE5927,IBERIA,12:10,-5.0,12/04/11,12:15,MENORCA
IBE5935,IBERIA,12:45,0.0,13/04/11,12:45,PARIS /ORLY
IBE5935,IBERIA,12:30,-15.0,12/04/11,12:45,PARIS /ORLY
IBE5936,IBERIA,22:30,0.0,12/04/11,22:30,PARIS /ORLY
IBE5938,IBERIA,23:30,0.0,12/04/11,23:30,PARIS /ORLY
IBE5940,IBERIA,10:35,0.0,13/04/11,10:35,SEVILLA
IBE5940,IBERIA,10:44,9.0,12/04/11,10:35,SEVILLA
IBE5942,IBERIA,22:15,0.0,12/04/11,22:15,SEVILLA
IBE5989,IBERIA,11:35,0.0,13/04/11,11:35,ZURICH
IBE5989,IBERIA,11:35,0.0,12/04/11,11:35,ZURICH
IBE5991,IBERIA,8:05,,13/04/11,8:05,BILBAO
IBE5993,IBERIA,22:25,0.0,12/04/11,22:25,BILBAO
IBE6012,IBERIA,9:10,,13/04/11,9:10,MONTEVIDEO
IBE6032,IBERIA,11:55,0.0,13/04/11,11:55,FORTALEZA
IBE6050,IBERIA,9:10,,13/04/11,9:10,JOHANNESBURGO /INTERNACIONAL
IBE6122,IBERIA,11:00,0.0,13/04/11,11:00,MIAMI
IBE6122,IBERIA,11:18,18.0,12/04/11,11:00,MIAMI
IBE6166,IBERIA,10:57,17.0,12/04/11,10:40,BOSTON
IBE6170,IBERIA,17:25,0.0,12/04/11,17:25,LOS ANGELES
IBE6250,IBERIA,10:20,0.0,13/04/11,10:20,NUEVA YORK-J.F.KENNEDY
IBE6250,IBERIA,10:39,19.0,12/04/11,10:20,NUEVA YORK-J.F.KENNEDY
IBE6252,IBERIA,12:55,0.0,12/04/11,12:55,NUEVA YORK-J.F.KENNEDY
IBE6252,IBERIA,12:55,0.0,13/04/11,12:55,NUEVA YORK-J.F.KENNEDY
IBE6274,IBERIA,11:00,0.0,13/04/11,11:00,CHICAGO-OHARE INTL.
IBE6314,IBERIA,13:55,0.0,12/04/11,13:55,SAN JOSEC.RICA
IBE6342,IBERIA,17:25,0.0,12/04/11,17:25,SAN SALVADOR
IBE6400,IBERIA,8:50,,13/04/11,8:50,MEXICO
IBE6402,IBERIA,17:25,0.0,12/04/11,17:25,MEXICO
IBE6404,IBERIA,10:57,17.0,12/04/11,10:40,MEXICO
IBE6464,IBERIA,16:55,0.0,12/04/11,16:55,QUITO
IBE6502,IBERIA,10:57,17.0,12/04/11,10:40,SANTO DOMINGO
IBE6586,IBERIA,12:55,0.0,12/04/11,12:55,BOGOTA /EL DORADO
IBE6586,IBERIA,12:55,0.0,13/04/11,12:55,BOGOTA /EL DORADO
IBE6620,IBERIA,16:55,0.0,12/04/11,16:55,LA HABANA-J.MARTI
IBE6650,IBERIA,17:55,0.0,12/04/11,17:55,LIMA
IBE6674,IBERIA,11:55,0.0,13/04/11,11:55,CARACAS
IBE6674,IBERIA,12:20,25.0,12/04/11,11:55,CARACAS
IBE6752,IBERIA,8:50,,13/04/11,8:50,MADRID-BARAJAS
IBE6756,IBERIA,9:40,,13/04/11,9:40,MADRID-BARAJAS
IBE6758,IBERIA,10:20,0.0,13/04/11,10:20,MADRID-BARAJAS
IBE6758,IBERIA,10:39,19.0,12/04/11,10:20,MADRID-BARAJAS
IBE6760,IBERIA,11:00,0.0,13/04/11,11:00,MADRID-BARAJAS
IBE6760,IBERIA,11:18,18.0,12/04/11,11:00,MADRID-BARAJAS
IBE6762,IBERIA,11:55,0.0,13/04/11,11:55,MADRID-BARAJAS
IBE6762,IBERIA,12:20,25.0,12/04/11,11:55,MADRID-BARAJAS
IBE6764,IBERIA,12:55,0.0,12/04/11,12:55,MADRID-BARAJAS
IBE6766,IBERIA,13:55,0.0,12/04/11,13:55,MADRID-BARAJAS
IBE6772,IBERIA,16:55,0.0,12/04/11,16:55,MADRID-BARAJAS
IBE6774,IBERIA,17:25,0.0,12/04/11,17:25,MADRID-BARAJAS
IBE6776,IBERIA,17:55,0.0,12/04/11,17:55,MADRID-BARAJAS
IBE6778,IBERIA,9:10,,13/04/11,9:10,MADRID-BARAJAS
IBE6794,IBERIA,10:57,17.0,12/04/11,10:40,MADRID-BARAJAS
IBE6820,IBERIA,13:55,0.0,12/04/11,13:55,SAO PAULO /GUARULHOS
IBE6824,IBERIA,9:40,,13/04/11,9:40,SAO PAULO /GUARULHOS
IBE6824,IBERIA,10:57,17.0,12/04/11,10:40,SAO PAULO /GUARULHOS
IBE6830,IBERIA,9:40,,13/04/11,9:40,SANTIAGO DE CHILE
IBE6830,IBERIA,10:57,17.0,12/04/11,10:40,SANTIAGO DE CHILE
IBE6842,IBERIA,8:50,,13/04/11,8:50,BUENOS AIRES/MINISTRO PISTARINI
IBE6844,IBERIA,17:25,0.0,12/04/11,17:25,BUENOS AIRES/MINISTRO PISTARINI
IBE6850,IBERIA,12:20,25.0,12/04/11,11:55,RIO DE JANEIRO
IBE7084,IBERIA,10:25,0.0,13/04/11,10:25,NUEVA YORK-J.F.KENNEDY
IBE7084,IBERIA,11:11,46.0,12/04/11,10:25,NUEVA YORK-J.F.KENNEDY
IBE7283,IBERIA,12:35,0.0,13/04/11,12:35,KIEV /BORISPOL
IBE7283,IBERIA,12:40,5.0,12/04/11,12:35,KIEV /BORISPOL
IBE7451,IBERIA,10:15,0.0,13/04/11,10:15,LONDRES / HEATHROW
IBE7453,IBERIA,18:30,0.0,12/04/11,18:30,LONDRES / HEATHROW
IBE7455,IBERIA,21:25,0.0,12/04/11,21:25,LONDRES / HEATHROW
IBE7457,IBERIA,12:25,0.0,13/04/11,12:25,LONDRES / HEATHROW
IBE7457,IBERIA,13:05,40.0,12/04/11,12:25,LONDRES / HEATHROW
IBE7459,IBERIA,14:10,-10.0,12/04/11,14:20,LONDRES / HEATHROW
IBE7461,IBERIA,19:50,0.0,12/04/11,19:50,LONDRES / HEATHROW
IBE7467,IBERIA,12:20,0.0,13/04/11,12:20,LONDRES /LONDON CITY APT.
IBE7471,IBERIA,9:25,,13/04/11,9:25,LONDRES / HEATHROW
IBE7473,IBERIA,19:20,0.0,12/04/11,19:20,LONDRES / HEATHROW
IBE7708,IBERIA,18:05,0.0,12/04/11,18:05,CASABLANCA /MOHAMED V
IBE7865,IBERIA,10:05,0.0,13/04/11,10:05,TEL AVIV
IBE7865,IBERIA,10:27,22.0,12/04/11,10:05,TEL AVIV
IBE7877,IBERIA,13:00,0.0,13/04/11,13:00,PRAGA
IBE7877,IBERIA,12:50,-10.0,12/04/11,13:00,PRAGA
IWD1650,"IBERWORLD AIRLINES, S.A.",22:10,0.0,12/04/11,22:10,MALAGA
IWD2321,"IBERWORLD AIRLINES, S.A.",12:20,10.0,12/04/11,12:10,TENERIFE SUR
IWD2323,"IBERWORLD AIRLINES, S.A.",20:00,0.0,12/04/11,20:00,LANZAROTE
IWD4501,"IBERWORLD AIRLINES, S.A.",14:10,0.0,12/04/11,14:10,TENERIFE SUR
JAI6003,JET AIRWAYS (India) Ltd,14:40,0.0,12/04/11,14:40,BRUSELAS
JET826,WIND JET S.P.A.,14:55,0.0,12/04/11,14:55,CATANIA /FONTANAROSSA
JFU572,JET4YOU,10:35,0.0,13/04/11,10:35,CASABLANCA /MOHAMED V
JFU572,JET4YOU,10:52,2.0,12/04/11,10:50,CASABLANCA /MOHAMED V
JFU672,JET4YOU,16:10,0.0,12/04/11,16:10,NADOR / EL AROUI
JKK054,SPANAIR,10:20,0.0,13/04/11,10:20,ESTOCOLMO /ARLANDA
JKK054,SPANAIR,10:10,-10.0,12/04/11,10:20,ESTOCOLMO /ARLANDA
JKK058,SPANAIR,18:45,0.0,12/04/11,18:45,ESTOCOLMO /ARLANDA
JKK082,SPANAIR,16:00,0.0,12/04/11,16:00,VENECIA /MARCO POLO
JKK132,SPANAIR,15:15,0.0,12/04/11,15:15,MUNICH
JKK134,SPANAIR,9:05,,13/04/11,9:05,MUNICH
JKK138,SPANAIR,15:25,0.0,12/04/11,15:25,BERLIN /TEGEL
JKK203,SPANAIR,6:25,,13/04/11,6:25,BANJUL
JKK221,SPANAIR,12:55,20.0,12/04/11,12:35,TEL AVIV
JKK312,SPANAIR,18:55,0.0,12/04/11,18:55,ESTAMBUL / SABIHA GOKCEN
JKK333,SPANAIR,16:15,0.0,12/04/11,16:15,ARGEL/ HOUARI BOUMEDIEN
JKK414,SPANAIR,10:10,0.0,13/04/11,10:10,MADRID-BARAJAS
JKK414,SPANAIR,10:12,2.0,12/04/11,10:10,MADRID-BARAJAS
JKK426,SPANAIR,10:35,0.0,13/04/11,10:35,MADRID-BARAJAS
JKK444,SPANAIR,19:35,0.0,12/04/11,19:35,MADRID-BARAJAS
JKK446,SPANAIR,8:45,,13/04/11,8:45,MADRID-BARAJAS
JKK452,SPANAIR,17:15,0.0,12/04/11,17:15,MADRID-BARAJAS
JKK454,SPANAIR,21:15,0.0,12/04/11,21:15,MADRID-BARAJAS
JKK5207,SPANAIR,18:30,0.0,12/04/11,18:30,GRAN CANARIA
JKK5235,SPANAIR,18:35,0.0,12/04/11,18:35,TENERIFE NORTE
JKK5701,SPANAIR,7:50,,13/04/11,7:50,PALMA DE MALLORCA
JKK5703,SPANAIR,9:20,,13/04/11,9:20,PALMA DE MALLORCA
JKK5705,SPANAIR,11:55,0.0,13/04/11,11:55,PALMA DE MALLORCA
JKK5705,SPANAIR,11:46,-9.0,12/04/11,11:55,PALMA DE MALLORCA
JKK5711,SPANAIR,18:10,0.0,12/04/11,18:10,PALMA DE MALLORCA
JKK5723,SPANAIR,19:20,0.0,12/04/11,19:20,PALMA DE MALLORCA
JKK5747,SPANAIR,10:35,0.0,13/04/11,10:35,IBIZA
JKK5747,SPANAIR,10:53,18.0,12/04/11,10:35,IBIZA
JKK5757,SPANAIR,20:15,0.0,12/04/11,20:15,IBIZA
JKK5789,SPANAIR,18:10,0.0,12/04/11,18:10,MENORCA
JKK6409,SPANAIR,17:00,0.0,12/04/11,17:00,SANTIAGO DE COMPOSTELA
JKK6427,SPANAIR,10:55,-10.0,12/04/11,11:05,VIGO
JKK6437,SPANAIR,23:50,0.0,12/04/11,23:50,VIGO
JKK6447,SPANAIR,15:15,0.0,12/04/11,15:15,ASTURIAS
JKK6449,SPANAIR,23:20,0.0,12/04/11,23:20,ASTURIAS
JKK6465,SPANAIR,10:55,0.0,13/04/11,10:55,A CORUÑA
JKK6475,SPANAIR,22:55,0.0,12/04/11,22:55,A CORUÑA
JKK6503,SPANAIR,20:30,0.0,12/04/11,20:30,BILBAO
JKK6601,SPANAIR,10:45,0.0,13/04/11,10:45,SEVILLA
JKK6601,SPANAIR,10:36,-9.0,12/04/11,10:45,SEVILLA
JKK6607,SPANAIR,18:30,0.0,12/04/11,18:30,SEVILLA
JKK6609,SPANAIR,22:25,0.0,12/04/11,22:25,SEVILLA
JKK6625,SPANAIR,23:05,0.0,12/04/11,23:05,FEDERICO GARCÍA LORCA GRANADA-JAÉN
JKK6629,SPANAIR,10:35,0.0,13/04/11,10:35,FEDERICO GARCÍA LORCA GRANADA-JAÉN
JKK6629,SPANAIR,10:38,3.0,12/04/11,10:35,FEDERICO GARCÍA LORCA GRANADA-JAÉN
JKK6683,SPANAIR,10:30,0.0,13/04/11,10:30,MALAGA
JKK6683,SPANAIR,10:29,-1.0,12/04/11,10:30,MALAGA
JKK6685,SPANAIR,23:15,0.0,12/04/11,23:15,MALAGA
JKK6701,SPANAIR,21:15,0.0,12/04/11,21:15,ALICANTE
JKK6711,SPANAIR,13:20,,12/04/11,8:05,ALICANTE
JKK6719,SPANAIR,15:15,0.0,12/04/11,15:15,ALICANTE
JKK6725,SPANAIR,7:55,,13/04/11,7:55,VALENCIA
JKK7553,SPANAIR,15:55,0.0,12/04/11,15:55,MADRID-BARAJAS
JKK7555,SPANAIR,15:00,0.0,12/04/11,15:00,MADRID-BARAJAS
JKK7560,SPANAIR,22:05,0.0,12/04/11,22:05,IBIZA
JKK7566,SPANAIR,11:25,0.0,13/04/11,11:25,GRAN CANARIA
JKK7566,SPANAIR,11:23,-2.0,12/04/11,11:25,GRAN CANARIA
JKK9250,SPANAIR,8:30,,13/04/11,8:30,BRUSELAS
JKK9254,SPANAIR,14:40,0.0,12/04/11,14:40,BRUSELAS
JKK9258,SPANAIR,20:25,0.0,12/04/11,20:25,BRUSELAS
JKK9402,SPANAIR,17:20,0.0,12/04/11,17:20,LISBOA
JKK9426,SPANAIR,12:05,0.0,13/04/11,12:05,OPORTO
JKK9426,SPANAIR,11:51,-14.0,12/04/11,12:05,OPORTO
JKK9430,SPANAIR,11:55,0.0,13/04/11,11:55,LISBOA
JKK9430,SPANAIR,12:50,55.0,12/04/11,11:55,LISBOA
JKK9432,SPANAIR,10:10,0.0,13/04/11,10:10,LISBOA
JKK9432,SPANAIR,10:20,10.0,12/04/11,10:10,LISBOA
JKK9492,SPANAIR,22:55,0.0,12/04/11,22:55,OPORTO
JKK9493,SPANAIR,19:20,0.0,12/04/11,19:20,LISBOA
JKK9680,SPANAIR,11:00,0.0,13/04/11,11:00,ATENAS
JKK9680,SPANAIR,10:42,-18.0,12/04/11,11:00,ATENAS
JKK9786,SPANAIR,8:25,,13/04/11,8:25,FILADELFIA
JKK9920,SPANAIR,9:15,,13/04/11,9:15,NEWARK - N. JERSEY
JKK9955,SPANAIR,17:35,0.0,12/04/11,17:35,SAO PAULO /GUARULHOS
JL5317,JAPAN AIRLINES,19:30,0.0,12/04/11,19:30,PARIS /CHARLES DE GAULLE
JL5701,JAPAN AIRLINES,9:20,,13/04/11,9:20,PARIS /CHARLES DE GAULLE
JL7743,JAPAN AIRLINES,21:25,0.0,12/04/11,21:25,LONDRES / HEATHROW
KE7669,KOREAN AIR LINES,13:00,0.0,13/04/11,13:00,PRAGA
KE7669,KOREAN AIR LINES,12:50,-10.0,12/04/11,13:00,PRAGA
KE7671,KOREAN AIR LINES,23:40,0.0,12/04/11,23:40,PRAGA
KL1665,K.L.M. ROYAL DUTCH AIRLINES,10:05,0.0,13/04/11,10:05,AMSTERDAM/SCHIPHOL
KL1671,K.L.M. ROYAL DUTCH AIRLINES,12:15,0.0,13/04/11,12:15,AMSTERDAM/SCHIPHOL
KL1671,K.L.M. ROYAL DUTCH AIRLINES,11:53,-22.0,12/04/11,12:15,AMSTERDAM/SCHIPHOL
KL1673,K.L.M. ROYAL DUTCH AIRLINES,15:05,0.0,12/04/11,15:05,AMSTERDAM/SCHIPHOL
KL1675,K.L.M. ROYAL DUTCH AIRLINES,17:05,0.0,12/04/11,17:05,AMSTERDAM/SCHIPHOL
KL1677,K.L.M. ROYAL DUTCH AIRLINES,19:25,0.0,12/04/11,19:25,AMSTERDAM/SCHIPHOL
KL1681,K.L.M. ROYAL DUTCH AIRLINES,22:45,0.0,12/04/11,22:45,AMSTERDAM/SCHIPHOL
KL3320,K.L.M. ROYAL DUTCH AIRLINES,13:55,0.0,12/04/11,13:55,PALMA DE MALLORCA
KL3324,K.L.M. ROYAL DUTCH AIRLINES,11:25,0.0,13/04/11,11:25,GRAN CANARIA
KL3324,K.L.M. ROYAL DUTCH AIRLINES,11:23,-2.0,12/04/11,11:25,GRAN CANARIA
KL3334,K.L.M. ROYAL DUTCH AIRLINES,13:35,0.0,12/04/11,13:35,IBIZA
KL3340,K.L.M. ROYAL DUTCH AIRLINES,10:20,0.0,13/04/11,10:20,MENORCA
KL3350,K.L.M. ROYAL DUTCH AIRLINES,7:50,,13/04/11,7:50,PALMA DE MALLORCA
KL3352,K.L.M. ROYAL DUTCH AIRLINES,10:55,0.0,13/04/11,10:55,PALMA DE MALLORCA
KL3352,K.L.M. ROYAL DUTCH AIRLINES,10:50,-5.0,12/04/11,10:55,PALMA DE MALLORCA
KL3356,K.L.M. ROYAL DUTCH AIRLINES,22:05,0.0,12/04/11,22:05,IBIZA
KL3358,K.L.M. ROYAL DUTCH AIRLINES,16:55,0.0,12/04/11,16:55,PALMA DE MALLORCA
KL3359,K.L.M. ROYAL DUTCH AIRLINES,15:15,0.0,12/04/11,15:15,LANZAROTE
KL3374,K.L.M. ROYAL DUTCH AIRLINES,23:15,0.0,12/04/11,23:15,TENERIFE NORTE
KQ1665,KENYA AIRWAYS LTD.,10:05,0.0,13/04/11,10:05,AMSTERDAM/SCHIPHOL
KQ1675,KENYA AIRWAYS LTD.,17:05,0.0,12/04/11,17:05,AMSTERDAM/SCHIPHOL
KQ1677,KENYA AIRWAYS LTD.,19:25,0.0,12/04/11,19:25,AMSTERDAM/SCHIPHOL
KQ3048,KENYA AIRWAYS LTD.,11:15,0.0,13/04/11,11:15,PARIS /CHARLES DE GAULLE
KQ3048,KENYA AIRWAYS LTD.,11:06,-9.0,12/04/11,11:15,PARIS /CHARLES DE GAULLE
KQ9328,KENYA AIRWAYS LTD.,9:20,,13/04/11,9:20,PARIS /CHARLES DE GAULLE
LAN5728,LAN-CHILE,15:55,0.0,12/04/11,15:55,MADRID-BARAJAS
LAN6165,LAN-CHILE,13:55,0.0,12/04/11,13:55,MADRID-BARAJAS
LGL3591,LUXAIR,13:20,-5.0,12/04/11,13:25,LUXEMBURGO
LH1126,LUFTHANSA,11:45,0.0,13/04/11,11:45,FRANKFURT
LH1126,LUFTHANSA,11:56,11.0,12/04/11,11:45,FRANKFURT
LH1128,LUFTHANSA,15:15,0.0,12/04/11,15:15,FRANKFURT
LH1132,LUFTHANSA,18:05,0.0,12/04/11,18:05,FRANKFURT
LH1134,LUFTHANSA,19:35,0.0,12/04/11,19:35,FRANKFURT
LH1810,LUFTHANSA,11:15,0.0,13/04/11,11:15,MUNICH
LH1810,LUFTHANSA,11:21,6.0,12/04/11,11:15,MUNICH
LH1812,LUFTHANSA,13:30,10.0,12/04/11,13:20,MUNICH
LH1814,LUFTHANSA,17:20,0.0,12/04/11,17:20,MUNICH
LH1816,LUFTHANSA,21:20,0.0,12/04/11,21:20,MUNICH
LH1818,LUFTHANSA,23:25,0.0,12/04/11,23:25,MUNICH
LH3302,LUFTHANSA,11:50,0.0,13/04/11,11:50,DUSSELDORF
LH3302,LUFTHANSA,11:41,-9.0,12/04/11,11:50,DUSSELDORF
LH3304,LUFTHANSA,19:15,0.0,12/04/11,19:15,DUSSELDORF
LH3690,LUFTHANSA,8:50,,13/04/11,8:50,MILAN /MALPENSA
LH3692,LUFTHANSA,14:05,0.0,12/04/11,14:05,MILAN /MALPENSA
LH3696,LUFTHANSA,19:10,0.0,12/04/11,19:10,MILAN /MALPENSA
LH5644,LUFTHANSA,8:30,,13/04/11,8:30,BRUSELAS
LH5650,LUFTHANSA,14:40,0.0,12/04/11,14:40,BRUSELAS
LH5652,LUFTHANSA,20:25,0.0,12/04/11,20:25,BRUSELAS
LX1934,SWISS INTERNATIONAL AIR LINES,11:50,0.0,13/04/11,11:50,BASEL /MULHOUSE
LX1934,SWISS INTERNATIONAL AIR LINES,12:55,20.0,12/04/11,12:35,BASEL /MULHOUSE
LX1940,SWISS INTERNATIONAL AIR LINES,8:30,,13/04/11,8:30,GINEBRA
LX1942,SWISS INTERNATIONAL AIR LINES,14:05,0.0,12/04/11,14:05,GINEBRA
LX1946,SWISS INTERNATIONAL AIR LINES,19:45,0.0,12/04/11,19:45,GINEBRA
LX1950,SWISS INTERNATIONAL AIR LINES,22:30,0.0,12/04/11,22:30,ZURICH
LX1952,SWISS INTERNATIONAL AIR LINES,9:00,,13/04/11,9:00,ZURICH
LX1954,SWISS INTERNATIONAL AIR LINES,14:00,0.0,12/04/11,14:00,ZURICH
LX1956,SWISS INTERNATIONAL AIR LINES,19:05,0.0,12/04/11,19:05,ZURICH
LY393,EL-AL ISRAEL AIRLINES LTD.,10:05,0.0,13/04/11,10:05,TEL AVIV
LY393,EL-AL ISRAEL AIRLINES LTD.,10:27,22.0,12/04/11,10:05,TEL AVIV
LY8038,EL-AL ISRAEL AIRLINES LTD.,10:25,0.0,13/04/11,10:25,NUEVA YORK-J.F.KENNEDY
LY8038,EL-AL ISRAEL AIRLINES LTD.,11:11,46.0,12/04/11,10:25,NUEVA YORK-J.F.KENNEDY
MK9320,AIR MAURITIUS,11:15,0.0,13/04/11,11:15,PARIS /CHARLES DE GAULLE
MK9320,AIR MAURITIUS,11:06,-9.0,12/04/11,11:15,PARIS /CHARLES DE GAULLE
MK9322,AIR MAURITIUS,20:45,0.0,12/04/11,20:45,PARIS /CHARLES DE GAULLE
MK9324,AIR MAURITIUS,22:00,0.0,12/04/11,22:00,PARIS /CHARLES DE GAULLE
MK9326,AIR MAURITIUS,14:35,0.0,12/04/11,14:35,PARIS /CHARLES DE GAULLE
MON516,MONARCH AIRLINES,11:03,-17.0,12/04/11,11:20,MANCHESTER
MSA2907,MISTRAL AIR,10:10,0.0,13/04/11,10:10,CATANIA /FONTANAROSSA
NAX3656,NORWEGIAN AIR SHUTTLE A.S.,11:40,-20.0,12/04/11,12:00,COPENHAGUE
NWS4401,NORD WIND LLC,6:15,,13/04/11,6:15,MOSCU /SHEREMETYEVO
OK688,CZECH AIRLINES,13:00,0.0,13/04/11,13:00,PRAGA
OK688,CZECH AIRLINES,12:50,-10.0,12/04/11,13:00,PRAGA
OK690,CZECH AIRLINES,23:40,0.0,12/04/11,23:40,PRAGA
PS991,AIR UKRAINE INTERNATIONAL,12:35,0.0,13/04/11,12:35,KIEV /BORISPOL
PS991,AIR UKRAINE INTERNATIONAL,12:40,5.0,12/04/11,12:35,KIEV /BORISPOL
QFA3367,QANTAS AIRWAYS LTD,10:15,0.0,13/04/11,10:15,LONDRES / HEATHROW
QFA3369,QANTAS AIRWAYS LTD,12:25,0.0,13/04/11,12:25,LONDRES / HEATHROW
QFA3369,QANTAS AIRWAYS LTD,13:05,40.0,12/04/11,12:25,LONDRES / HEATHROW
RAM960,ROYAL AIR MAROC,18:05,0.0,12/04/11,18:05,CASABLANCA /MOHAMED V
ROT421,TAROM (ROMANIAN AIR TRANSPORT),11:30,0.0,13/04/11,11:30,BUCAREST
ROT421,TAROM (ROMANIAN AIR TRANSPORT),11:28,-2.0,12/04/11,11:30,BUCAREST
ROT9422,TAROM (ROMANIAN AIR TRANSPORT),7:50,,13/04/11,7:50,PALMA DE MALLORCA
ROT9424,TAROM (ROMANIAN AIR TRANSPORT),10:55,0.0,13/04/11,10:55,PALMA DE MALLORCA
ROT9424,TAROM (ROMANIAN AIR TRANSPORT),10:50,-5.0,12/04/11,10:55,PALMA DE MALLORCA
ROT9426,TAROM (ROMANIAN AIR TRANSPORT),10:20,0.0,13/04/11,10:20,MENORCA
RYR4584,RYANAIR,9:30,,13/04/11,9:30,OPORTO
RYR6303,RYANAIR,13:35,-15.0,12/04/11,13:50,FUERTEVENTURA
RYR6311,RYANAIR,17:10,0.0,12/04/11,17:10,SEVILLA
RYR6321,RYANAIR,16:55,0.0,12/04/11,16:55,VALLADOLID
RYR6323,RYANAIR,23:45,0.0,12/04/11,23:45,MOSS / RYGGE
RYR6333,RYANAIR,12:10,0.0,13/04/11,12:10,SANTIAGO DE COMPOSTELA
RYR6333,RYANAIR,11:24,-21.0,12/04/11,11:45,SANTIAGO DE COMPOSTELA
RYR6342,RYANAIR,9:40,,13/04/11,9:40,ROMA /CIAMPINO
RYR6349,RYANAIR,14:40,0.0,12/04/11,14:40,VENECIA / TREVISO / SAN ANGELO
RYR6352,RYANAIR,21:45,0.0,12/04/11,21:45,BRUSELAS /CHARLEROI
RYR6354,RYANAIR,12:40,0.0,13/04/11,12:40,MILAN /ORIO AL SERIO
RYR6354,RYANAIR,12:45,5.0,12/04/11,12:40,MILAN /ORIO AL SERIO
RYR6356,RYANAIR,21:35,0.0,12/04/11,21:35,PARIS /BEAUVAIS-TILLE
RYR6363,RYANAIR,9:10,,13/04/11,9:10,PALMA DE MALLORCA
RYR6365,RYANAIR,17:50,0.0,12/04/11,17:50,PALMA DE MALLORCA
RYR6367,RYANAIR,23:40,0.0,12/04/11,23:40,MILAN /ORIO AL SERIO
RYR6371,RYANAIR,20:40,0.0,12/04/11,20:40,GRAN CANARIA
RYR6373,RYANAIR,15:40,0.0,12/04/11,15:40,LANZAROTE
RYR6375,RYANAIR,12:45,0.0,13/04/11,12:45,PARIS /BEAUVAIS-TILLE
RYR6375,RYANAIR,12:20,-25.0,12/04/11,12:45,PARIS /BEAUVAIS-TILLE
RYR6379,RYANAIR,16:15,0.0,12/04/11,16:15,CAGLIARI
RYR6380,RYANAIR,22:25,0.0,12/04/11,22:25,SANTIAGO DE COMPOSTELA
RYR6383,RYANAIR,11:59,4.0,12/04/11,11:55,MALAGA
RYR6385,RYANAIR,16:55,0.0,12/04/11,16:55,SANTANDER
RYR6387,RYANAIR,20:35,0.0,12/04/11,20:35,MALAGA
RYR6390,RYANAIR,15:35,0.0,12/04/11,15:35,DUSSELDORF /WEEZE
RYR6393,RYANAIR,14:45,0.0,12/04/11,14:45,BRUSELAS /CHARLEROI
RYR6395,RYANAIR,21:15,0.0,12/04/11,21:15,DUBLIN
RYR6397,RYANAIR,9:35,,13/04/11,9:35,SEVILLA
RYR6399,RYANAIR,23:50,0.0,12/04/11,23:50,SEVILLA
RYR8037,RYANAIR,17:55,0.0,12/04/11,17:55,IBIZA
RYR8137,RYANAIR,12:40,-25.0,12/04/11,13:05,IBIZA
SAA7834,SOUTH AFRICAN AIRWAYS,11:15,0.0,13/04/11,11:15,MUNICH
SAA7834,SOUTH AFRICAN AIRWAYS,11:21,6.0,12/04/11,11:15,MUNICH
SAA8708,SOUTH AFRICAN AIRWAYS,17:20,0.0,12/04/11,17:20,LISBOA
SAS1585,SCANDINAVIANAIRLINES SYSTEM,11:35,0.0,13/04/11,11:35,COPENHAGUE
SAS1585,SCANDINAVIANAIRLINES SYSTEM,11:25,-10.0,12/04/11,11:35,COPENHAGUE
SAS4685,SCANDINAVIANAIRLINES SYSTEM,12:20,-5.0,12/04/11,12:25,OSLO
SIA378,"SINGAPORE AIRLINES,LTD.",8:55,,13/04/11,8:55,SINGAPORE
SMX5050,CAI FIRST S.P.A.,10:15,-5.0,12/04/11,10:20,MILAN /LINATE
SN3695,BRUSSELS AIRLINES N.V./S.A.,8:30,,13/04/11,8:30,BRUSELAS
SN3703,BRUSSELS AIRLINES N.V./S.A.,14:40,0.0,12/04/11,14:40,BRUSELAS
SN3705,BRUSSELS AIRLINES N.V./S.A.,20:25,0.0,12/04/11,20:25,BRUSELAS
SRK101,"SKYWORK, S.A.",14:00,0.0,12/04/11,14:00,BERNA
SWT3940,SWIFTAIR,21:55,0.0,12/04/11,21:55,SEVILLA
TAP730,TAP PORTUGAL,12:05,0.0,13/04/11,12:05,OPORTO
TAP730,TAP PORTUGAL,11:51,-14.0,12/04/11,12:05,OPORTO
TAP736,TAP PORTUGAL,22:55,0.0,12/04/11,22:55,OPORTO
TAP738,TAP PORTUGAL,19:20,0.0,12/04/11,19:20,LISBOA
TAP740,TAP PORTUGAL,23:05,0.0,12/04/11,23:05,LISBOA
TAP742,TAP PORTUGAL,17:20,0.0,12/04/11,17:20,LISBOA
TAP746,TAP PORTUGAL,11:55,0.0,13/04/11,11:55,LISBOA
TAP746,TAP PORTUGAL,12:50,55.0,12/04/11,11:55,LISBOA
TAP748,TAP PORTUGAL,10:10,0.0,13/04/11,10:10,LISBOA
TAP748,TAP PORTUGAL,10:20,10.0,12/04/11,10:10,LISBOA
TAP8799,TAP PORTUGAL,11:00,0.0,13/04/11,11:00,ATENAS
TAP8799,TAP PORTUGAL,10:42,-18.0,12/04/11,11:00,ATENAS
THY1853,TURKISH AIRLINES,11:05,5.0,12/04/11,11:00,ESTAMBUL
THY1853,TURKISH AIRLINES,11:00,0.0,13/04/11,11:00,ESTAMBUL
THY1855,TURKISH AIRLINES,16:35,0.0,12/04/11,16:35,ESTAMBUL
TSO331,TRANSAERO AIRLINES,13:10,0.0,12/04/11,13:10,MOSCU /DOMODEDOVO
UAL3250,UNITED AIRLINES,9:15,,13/04/11,9:15,NEWARK - N. JERSEY
UAL9971,UNITED AIRLINES,14:40,0.0,12/04/11,14:40,BRUSELAS
US742,US AIRWAYS INC.,8:25,,13/04/11,8:25,FILADELFIA
UX1177,AIR EUROPA,21:10,0.0,12/04/11,21:10,ALMERIA
UX2001,AIR EUROPA,8:20,,13/04/11,8:20,MADRID-BARAJAS
UX2005,AIR EUROPA,19:55,0.0,12/04/11,19:55,MADRID-BARAJAS
UX2006,AIR EUROPA,15:55,0.0,12/04/11,15:55,MADRID-BARAJAS
UX3048,AIR EUROPA,19:30,0.0,12/04/11,19:30,PARIS /CHARLES DE GAULLE
UX3284,AIR EUROPA,12:35,0.0,13/04/11,12:35,MOSCU /SHEREMETYEVO
UX3284,AIR EUROPA,12:25,-10.0,12/04/11,12:35,MOSCU /SHEREMETYEVO
UX3348,AIR EUROPA,22:00,0.0,12/04/11,22:00,PARIS /CHARLES DE GAULLE
UX3452,AIR EUROPA,21:25,0.0,12/04/11,21:25,LYON
UX3454,AIR EUROPA,16:55,0.0,12/04/11,16:55,LYON
UX3462,AIR EUROPA,10:15,0.0,13/04/11,10:15,BURDEOS
UX3466,AIR EUROPA,16:30,0.0,12/04/11,16:30,BURDEOS
UX3470,AIR EUROPA,9:20,,13/04/11,9:20,PARIS /CHARLES DE GAULLE
UX3478,AIR EUROPA,20:45,0.0,12/04/11,20:45,PARIS /CHARLES DE GAULLE
UX3486,AIR EUROPA,11:15,0.0,13/04/11,11:15,PARIS /CHARLES DE GAULLE
UX3486,AIR EUROPA,11:06,-9.0,12/04/11,11:15,PARIS /CHARLES DE GAULLE
UX3648,AIR EUROPA,14:35,0.0,12/04/11,14:35,PARIS /CHARLES DE GAULLE
UX3706,AIR EUROPA,11:30,0.0,13/04/11,11:30,BUCAREST
UX3706,AIR EUROPA,11:28,-2.0,12/04/11,11:30,BUCAREST
UX3860,AIR EUROPA,10:36,-9.0,12/04/11,10:45,SEVILLA
UX3864,AIR EUROPA,22:25,0.0,12/04/11,22:25,SEVILLA
UX3866,AIR EUROPA,18:30,0.0,12/04/11,18:30,SEVILLA
UX3872,AIR EUROPA,10:30,0.0,13/04/11,10:30,MALAGA
UX3872,AIR EUROPA,10:29,-1.0,12/04/11,10:30,MALAGA
UX3874,AIR EUROPA,23:15,0.0,12/04/11,23:15,MALAGA
UX3904,AIR EUROPA,17:00,0.0,12/04/11,17:00,SANTIAGO DE COMPOSTELA
UX3907,AIR EUROPA,7:55,,13/04/11,7:55,VALENCIA
UX3911,AIR EUROPA,11:05,0.0,13/04/11,11:05,VIGO
UX3911,AIR EUROPA,10:55,-10.0,12/04/11,11:05,VIGO
UX3912,AIR EUROPA,23:50,0.0,12/04/11,23:50,VIGO
UX3915,AIR EUROPA,10:55,0.0,13/04/11,10:55,A CORUÑA
UX3916,AIR EUROPA,22:55,0.0,12/04/11,22:55,A CORUÑA
UX3919,AIR EUROPA,15:15,0.0,12/04/11,15:15,ASTURIAS
UX3920,AIR EUROPA,23:20,0.0,12/04/11,23:20,ASTURIAS
UX3927,AIR EUROPA,20:30,0.0,12/04/11,20:30,BILBAO
UX3931,AIR EUROPA,13:20,,12/04/11,8:05,ALICANTE
UX3932,AIR EUROPA,21:15,0.0,12/04/11,21:15,ALICANTE
UX3933,AIR EUROPA,15:15,0.0,12/04/11,15:15,ALICANTE
UX3948,AIR EUROPA,17:25,0.0,12/04/11,17:25,PARIS /CHARLES DE GAULLE
UX3954,AIR EUROPA,20:15,0.0,12/04/11,20:15,IBIZA
UX3962,AIR EUROPA,18:30,0.0,12/04/11,18:30,GRAN CANARIA
UX3978,AIR EUROPA,10:27,-8.0,12/04/11,10:35,MADRID-BARAJAS
UX3978,AIR EUROPA,10:35,0.0,13/04/11,10:35,MADRID-BARAJAS
UX3979,AIR EUROPA,17:15,0.0,12/04/11,17:15,MADRID-BARAJAS
UX424,AIR EUROPA,10:54,14.0,12/04/11,10:40,TEL AVIV
UX6006,AIR EUROPA,7:50,,13/04/11,7:50,PALMA DE MALLORCA
UX6018,AIR EUROPA,10:20,0.0,13/04/11,10:20,MENORCA
UX6042,AIR EUROPA,19:05,0.0,12/04/11,19:05,PALMA DE MALLORCA
UX6054,AIR EUROPA,13:35,0.0,12/04/11,13:35,IBIZA
UX6060,AIR EUROPA,13:55,0.0,12/04/11,13:55,PALMA DE MALLORCA
UX6072,AIR EUROPA,16:55,0.0,12/04/11,16:55,PALMA DE MALLORCA
UX6102,AIR EUROPA,21:10,0.0,12/04/11,21:10,PALMA DE MALLORCA
UX6156,AIR EUROPA,10:55,0.0,13/04/11,10:55,PALMA DE MALLORCA
UX6156,AIR EUROPA,10:50,-5.0,12/04/11,10:55,PALMA DE MALLORCA
UX6158,AIR EUROPA,22:05,0.0,12/04/11,22:05,IBIZA
UX9034,AIR EUROPA,11:25,0.0,13/04/11,11:25,GRAN CANARIA
UX9034,AIR EUROPA,11:23,-2.0,12/04/11,11:25,GRAN CANARIA
UX9099,AIR EUROPA,15:15,0.0,12/04/11,15:15,LANZAROTE
UX9144,AIR EUROPA,23:15,0.0,12/04/11,23:15,TENERIFE NORTE
UX932,AIR EUROPA,4:50,,13/04/11,4:50,ATENAS
VLE7098,CAI SECOND S.P.A.,13:30,0.0,12/04/11,13:30,MILAN /LINATE
VLG1002,VUELING AIRLINES,10:05,0.0,13/04/11,10:05,MADRID-BARAJAS
VLG1004,VUELING AIRLINES,12:00,0.0,13/04/11,12:00,MADRID-BARAJAS
VLG1004,VUELING AIRLINES,11:56,-4.0,12/04/11,12:00,MADRID-BARAJAS
VLG1006,VUELING AIRLINES,21:00,0.0,12/04/11,21:00,MADRID-BARAJAS
VLG1018,VUELING AIRLINES,19:15,0.0,12/04/11,19:15,MADRID-BARAJAS
VLG1026,VUELING AIRLINES,18:00,0.0,12/04/11,18:00,MADRID-BARAJAS
VLG1036,VUELING AIRLINES,20:00,0.0,12/04/11,20:00,MADRID-BARAJAS
VLG1056,VUELING AIRLINES,10:55,0.0,13/04/11,10:55,MADRID-BARAJAS
VLG1056,VUELING AIRLINES,11:07,12.0,12/04/11,10:55,MADRID-BARAJAS
VLG1069,VUELING AIRLINES,8:30,,13/04/11,8:30,MOSCU /DOMODEDOVO
VLG1082,VUELING AIRLINES,22:00,0.0,12/04/11,22:00,MADRID-BARAJAS
VLG1096,VUELING AIRLINES,14:00,0.0,12/04/11,14:00,MADRID-BARAJAS
VLG1126,VUELING AIRLINES,8:10,,13/04/11,8:10,MADRID-BARAJAS
VLG1140,VUELING AIRLINES,9:00,,13/04/11,9:00,MADRID-BARAJAS
VLG1144,VUELING AIRLINES,16:00,0.0,12/04/11,16:00,MADRID-BARAJAS
VLG1291,VUELING AIRLINES,16:35,0.0,12/04/11,16:35,A CORUÑA
VLG1301,VUELING AIRLINES,9:45,,13/04/11,9:45,ALICANTE
VLG1305,VUELING AIRLINES,22:00,0.0,12/04/11,22:00,ALICANTE
VLG1307,VUELING AIRLINES,20:00,0.0,12/04/11,20:00,ALICANTE
VLG1421,VUELING AIRLINES,10:05,0.0,13/04/11,10:05,BILBAO
VLG1423,VUELING AIRLINES,17:05,0.0,12/04/11,17:05,BILBAO
VLG1425,VUELING AIRLINES,20:05,0.0,12/04/11,20:05,BILBAO
VLG1431,VUELING AIRLINES,8:05,,13/04/11,8:05,BILBAO
VLG1441,VUELING AIRLINES,22:25,0.0,12/04/11,22:25,BILBAO
VLG1574,VUELING AIRLINES,10:05,0.0,13/04/11,10:05,ASTURIAS
VLG1576,VUELING AIRLINES,21:00,0.0,12/04/11,21:00,ASTURIAS
VLG1673,VUELING AIRLINES,0:05,,13/04/11,0:05,SANTIAGO DE COMPOSTELA
VLG1785,VUELING AIRLINES,15:15,0.0,12/04/11,15:15,VIGO
VLG1999,VUELING AIRLINES,23:50,0.0,12/04/11,23:50,CIUDAD REAL
VLG2011,VUELING AIRLINES,11:05,20.0,12/04/11,10:45,FEDERICO GARCÍA LORCA GRANADA-JAÉN
VLG2013,VUELING AIRLINES,23:15,0.0,12/04/11,23:15,FEDERICO GARCÍA LORCA GRANADA-JAÉN
VLG2110,VUELING AIRLINES,8:30,,13/04/11,8:30,MALAGA
VLG2112,VUELING AIRLINES,18:55,0.0,12/04/11,18:55,MALAGA
VLG2130,VUELING AIRLINES,10:55,0.0,13/04/11,10:55,MALAGA
VLG2130,VUELING AIRLINES,10:56,1.0,12/04/11,10:55,MALAGA
VLG2136,VUELING AIRLINES,22:15,0.0,12/04/11,22:15,MALAGA
VLG2211,VUELING AIRLINES,10:35,0.0,13/04/11,10:35,SEVILLA
VLG2223,VUELING AIRLINES,8:30,,13/04/11,8:30,SEVILLA
VLG2225,VUELING AIRLINES,20:10,0.0,12/04/11,20:10,SEVILLA
VLG2267,VUELING AIRLINES,18:05,0.0,12/04/11,18:05,SEVILLA
VLG2277,VUELING AIRLINES,15:30,0.0,12/04/11,15:30,SEVILLA
VLG2499,VUELING AIRLINES,14:10,0.0,12/04/11,14:10,JEREZ DE LA FRONTERA
VLG3001,VUELING AIRLINES,18:50,0.0,12/04/11,18:50,GRAN CANARIA
VLG3509,VUELING AIRLINES,Cancelado,,12/04/11,22:55,IBIZA
VLG3517,VUELING AIRLINES,21:40,0.0,12/04/11,21:40,IBIZA
VLG3713,VUELING AIRLINES,9:00,,13/04/11,9:00,MENORCA
VLG3773,VUELING AIRLINES,12:15,0.0,13/04/11,12:15,MENORCA
VLG3773,VUELING AIRLINES,12:10,-5.0,12/04/11,12:15,MENORCA
VLG3921,VUELING AIRLINES,22:35,0.0,12/04/11,22:35,PALMA DE MALLORCA
VLG3923,VUELING AIRLINES,12:55,0.0,13/04/11,12:55,PALMA DE MALLORCA
VLG3923,VUELING AIRLINES,12:40,-15.0,12/04/11,12:55,PALMA DE MALLORCA
VLG3925,VUELING AIRLINES,19:00,0.0,12/04/11,19:00,PALMA DE MALLORCA
VLG3929,VUELING AIRLINES,21:35,0.0,12/04/11,21:35,PALMA DE MALLORCA
VLG6105,VUELING AIRLINES,18:05,0.0,12/04/11,18:05,ROMA /FIUMICINO
VLG6107,VUELING AIRLINES,20:35,0.0,12/04/11,20:35,ROMA /FIUMICINO
VLG6113,VUELING AIRLINES,14:00,0.0,12/04/11,14:00,ROMA /FIUMICINO
VLG6115,VUELING AIRLINES,23:45,0.0,12/04/11,23:45,ROMA /FIUMICINO
VLG6167,VUELING AIRLINES,11:15,0.0,13/04/11,11:15,ROMA /FIUMICINO
VLG6167,VUELING AIRLINES,11:15,0.0,12/04/11,11:15,ROMA /FIUMICINO
VLG6247,VUELING AIRLINES,11:35,0.0,13/04/11,11:35,ZURICH
VLG6247,VUELING AIRLINES,11:35,0.0,12/04/11,11:35,ZURICH
VLG6249,VUELING AIRLINES,19:40,0.0,12/04/11,19:40,ZURICH
VLG6331,VUELING AIRLINES,11:01,-4.0,12/04/11,11:05,MILAN /MALPENSA
VLG6333,VUELING AIRLINES,15:30,0.0,12/04/11,15:30,MILAN /MALPENSA
VLG6335,VUELING AIRLINES,22:10,0.0,12/04/11,22:10,MILAN /MALPENSA
VLG6401,VUELING AIRLINES,13:35,-15.0,12/04/11,13:50,VENECIA /MARCO POLO
VLG6501,VUELING AIRLINES,15:00,0.0,12/04/11,15:00,NAPOLES
VLG6601,VUELING AIRLINES,14:15,5.0,12/04/11,14:10,PALERMO /PUNTA RAISI
VLG6771,VUELING AIRLINES,14:10,0.0,12/04/11,14:10,PISA / GALILEO GALILEI
VLG7702,VUELING AIRLINES,Cancelado,,12/04/11,16:15,DUBROVNIK
VLG8012,VUELING AIRLINES,9:55,,13/04/11,9:55,PARIS /ORLY
VLG8026,VUELING AIRLINES,12:45,0.0,13/04/11,12:45,PARIS /ORLY
VLG8026,VUELING AIRLINES,12:30,-15.0,12/04/11,12:45,PARIS /ORLY
VLG8034,VUELING AIRLINES,16:45,0.0,12/04/11,16:45,PARIS /ORLY
VLG8048,VUELING AIRLINES,23:30,0.0,12/04/11,23:30,PARIS /ORLY
VLG8060,VUELING AIRLINES,14:35,0.0,12/04/11,14:35,PARIS /ORLY
VLG8078,VUELING AIRLINES,18:40,0.0,12/04/11,18:40,PARIS /ORLY
VLG8092,VUELING AIRLINES,22:30,0.0,12/04/11,22:30,PARIS /ORLY
VLG8101,VUELING AIRLINES,17:45,0.0,12/04/11,17:45,ATENAS
VLG8301,VUELING AIRLINES,11:50,0.0,13/04/11,11:50,AMSTERDAM/SCHIPHOL
VLG8301,VUELING AIRLINES,11:28,-22.0,12/04/11,11:50,AMSTERDAM/SCHIPHOL
VLG8305,VUELING AIRLINES,23:15,0.0,12/04/11,23:15,AMSTERDAM/SCHIPHOL
VLG8318,VUELING AIRLINES,9:25,,13/04/11,9:25,AMSTERDAM/SCHIPHOL
VLG8323,VUELING AIRLINES,20:00,0.0,12/04/11,20:00,AMSTERDAM/SCHIPHOL
VLG8463,VUELING AIRLINES,0:35,,13/04/11,0:35,LISBOA
VLG8989,VUELING AIRLINES,11:20,0.0,13/04/11,11:20,BRUSELAS
VLG8989,VUELING AIRLINES,11:13,-7.0,12/04/11,11:20,BRUSELAS
VLG8991,VUELING AIRLINES,22:35,0.0,12/04/11,22:35,BRUSELAS
VLG8993,VUELING AIRLINES,17:40,0.0,12/04/11,17:40,BRUSELAS
WZZ2375,WIZZ AIR HUNGARY,8:25,,13/04/11,8:25,BUDAPEST
WZZ2705,WIZZ AIR HUNGARY,20:50,0.0,12/04/11,20:50,PRAGA
WZZ3175,WIZZ AIR HUNGARY,19:15,0.0,12/04/11,19:15,BUCAREST/BANEASA
WZZ3563,WIZZ AIR HUNGARY,20:05,0.0,12/04/11,20:05,TIMISOARA
YW8293,AIR NOSTRUM,11:45,0.0,13/04/11,11:45,ALBACETE
YW8293,AIR NOSTRUM,11:40,-5.0,12/04/11,11:45,ALBACETE
YW8313,AIR NOSTRUM,21:05,0.0,12/04/11,21:05,BADAJOZ
YW8391,AIR NOSTRUM,8:35,,13/04/11,8:35,SANTANDER
YW8395,AIR NOSTRUM,12:15,0.0,13/04/11,12:15,SANTANDER
YW8397,AIR NOSTRUM,20:30,0.0,12/04/11,20:30,SANTANDER
YW8403,AIR NOSTRUM,8:25,,13/04/11,8:25,PAMPLONA
YW8405,AIR NOSTRUM,11:50,0.0,13/04/11,11:50,PAMPLONA
YW8405,AIR NOSTRUM,11:46,-4.0,12/04/11,11:50,PAMPLONA
YW8409,AIR NOSTRUM,16:10,0.0,12/04/11,16:10,PAMPLONA
YW8421,AIR NOSTRUM,11:20,0.0,13/04/11,11:20,ALMERIA
YW8421,AIR NOSTRUM,11:52,32.0,12/04/11,11:20,ALMERIA
YW8423,AIR NOSTRUM,16:55,0.0,12/04/11,16:55,ALMERIA
YW8559,AIR NOSTRUM,13:10,0.0,12/04/11,13:10,NANTES-ATLANTIQUE
YW8565,AIR NOSTRUM,17:45,0.0,12/04/11,17:45,MARSELLA
YW8621,AIR NOSTRUM,13:25,10.0,12/04/11,13:15,BOLONIA
YW8625,AIR NOSTRUM,20:20,0.0,12/04/11,20:20,BOLONIA
YW8661,AIR NOSTRUM,8:25,,13/04/11,8:25,VALLADOLID
YW8663,AIR NOSTRUM,12:10,0.0,13/04/11,12:10,VALLADOLID
YW8663,AIR NOSTRUM,12:14,4.0,12/04/11,12:10,VALLADOLID
YW8665,AIR NOSTRUM,15:40,0.0,12/04/11,15:40,VALLADOLID
YW8667,AIR NOSTRUM,21:45,0.0,12/04/11,21:45,VALLADOLID
YW8675,AIR NOSTRUM,8:50,,13/04/11,8:50,SALAMANCA
YW8717,AIR NOSTRUM,18:15,0.0,12/04/11,18:15,BURGOS / VILLAFRIA
YW8757,AIR NOSTRUM,8:55,,13/04/11,8:55,LEON
YW8759,AIR NOSTRUM,16:25,0.0,12/04/11,16:25,LEON
YW8777,AIR NOSTRUM,12:00,0.0,13/04/11,12:00,NIZA /COTE D-AZUR
YW8777,AIR NOSTRUM,11:54,-6.0,12/04/11,12:00,NIZA /COTE D-AZUR
YW8779,AIR NOSTRUM,15:45,0.0,12/04/11,15:45,NIZA /COTE D-AZUR
YW8781,AIR NOSTRUM,22:40,0.0,12/04/11,22:40,NIZA /COTE D-AZUR
YW8825,AIR NOSTRUM,14:40,0.0,12/04/11,14:40,VALENCIA
YW8835,AIR NOSTRUM,9:00,,13/04/11,9:00,VALENCIA
YW8851,AIR NOSTRUM,8:50,,13/04/11,8:50,SAN SEBASTIAN
YW8853,AIR NOSTRUM,12:25,0.0,13/04/11,12:25,SAN SEBASTIAN
YW8853,AIR NOSTRUM,12:04,-21.0,12/04/11,12:25,SAN SEBASTIAN
YW8855,AIR NOSTRUM,15:50,0.0,12/04/11,15:50,SAN SEBASTIAN
YW8857,AIR NOSTRUM,19:25,0.0,12/04/11,19:25,SAN SEBASTIAN
